tickers,transactionType,qty,strikePrice,unitCost,createdAt,expirationDate,status,tag
RIVN,BTC,1.000000,25.000000,5.900000,2022-05-09T14:22:45.480298Z,2022-09-16,Expired,buy put
RIVN,STC,1.000000,25.000000,6.450000,2022-05-10T13:40:56.306992Z,2022-09-16,Expired,sell put
GM,BTC,1.000000,55.000000,4.550000,2021-11-29T14:53:37.278763Z,2022-06-17,Expired,buy put
GM,STC,1.000000,55.000000,4.250000,2021-12-16T14:53:11.533534Z,2022-06-17,Expired,sell put
OSCR,STC,1.000000,30.000000,0.050000,2021-09-21T16:41:31.128415Z,2021-10-15,Expired,sell call
TRNE,STC,1.000000,22.500000,0.400000,2020-11-30T14:44:11.758857Z,2020-12-18,Expired,sell call
IPOC,STC,1.000000,20.000000,0.200000,2020-11-30T14:42:50.634910Z,2021-01-15,Expired,sell call
ABCL,STC,1.000000,25.000000,1.300000,2021-04-15T16:00:46.460139Z,2021-05-21,Expired,sell put
ABCL,STC,1.000000,45.000000,0.400000,2021-04-21T18:01:43.283083Z,2021-05-21,Expired,sell call
ABCL,STC,1.000000,22.500000,1.250000,2021-04-30T16:36:18.495984Z,2021-06-18,Expired,sell put
ABCL,STC,1.000000,22.500000,0.900000,2021-05-26T17:06:04.156973Z,2021-07-16,Assigned,sell put
ABCL,STC,1.000000,35.000000,0.300000,2021-06-07T16:05:46.297012Z,2021-06-18,Expired,sell call
ABCL,STC,1.000000,19.000000,0.550000,2021-06-09T17:30:22.233613Z,2021-07-16,Assigned,sell put
ABCL,STC,1.000000,22.500000,1.250000,2021-06-14T14:37:02.309039Z,2021-07-16,Assigned,sell put
ABCL,STC,1.000000,12.500000,0.600000,2021-07-14T18:28:22.500863Z,2021-10-15,Expired,sell put
ABCL,STC,6.000000,25.000000,0.050000,2021-08-09T15:14:23.083698Z,2021-08-20,Expired,sell call
ABCL,STC,1.000000,30.000000,0.050000,2021-09-02T16:45:15.737421Z,2021-10-15,Expired,sell call
ABCL,STC,1.000000,30.000000,0.050000,2021-09-02T16:45:42.389981Z,2021-10-15,Expired,sell call
ABCL,STC,1.000000,30.000000,0.050000,2021-09-02T16:46:13.212079Z,2021-10-15,Expired,sell call
ABCL,STC,1.000000,30.000000,0.050000,2021-09-02T16:46:28.715183Z,2021-10-15,Expired,sell call
ABCL,STC,1.000000,30.000000,0.050000,2021-09-02T16:46:50.576252Z,2021-10-15,Expired,sell call
ABCL,STC,1.000000,25.000000,0.500000,2021-11-30T15:19:07.858964Z,2022-04-14,Expired,sell call
ABCL,STC,1.000000,35.000000,0.100000,2021-11-30T15:36:46.734502Z,2022-04-14,Expired,sell call
ABCL,STC,1.000000,20.000000,0.300000,2022-06-30T18:21:24.060449Z,2022-10-21,Expired,sell call
ABCL,STC,1.000000,20.000000,0.300000,2022-08-10T14:43:57.571376Z,2022-10-21,Expired,sell call
ABCL,STC,1.000000,19.000000,0.100000,2022-11-03T14:04:58.371839Z,2022-12-16,Expired,sell call
ABCL,STC,5.000000,18.000000,0.150000,2022-11-08T17:58:16.626987Z,2022-12-16,Expired,sell call
ABCL,STC,1.000000,9.000000,0.050000,2023-05-30T14:41:33.746885Z,2023-06-16,Expired,sell call
ABCL,STC,1.000000,10.000000,0.050000,2023-06-13T15:04:36.879715Z,2023-07-21,Expired,sell call
ABCL,STC,1.000000,10.000000,0.050000,2023-07-31T16:15:21.324138Z,2023-08-18,Expired,sell call
PLTR,STC,1.000000,19.500000,0.740000,2021-03-09T15:17:29.838663Z,2021-04-09,Expired,sell put
PLTR,STC,1.000000,20.000000,0.530000,2021-03-17T13:55:48.150932Z,2021-04-16,Expired,sell put
PLTR,STC,1.000000,19.000000,0.360000,2021-04-12T14:09:05.438769Z,2021-05-14,Expired,sell put
PLTR,STC,1.000000,19.500000,0.570000,2021-04-12T15:00:18.824370Z,2021-05-14,Expired,sell put
PLTR,STC,1.000000,19.000000,0.360000,2021-04-14T18:13:41.121245Z,2021-05-28,Expired,sell put
PLTR,BTC,1.000000,19.500000,0.140000,2021-04-29T13:52:32.284783Z,2021-05-14,Expired,buy put
PLTR,BTC,1.000000,19.000000,0.100000,2021-04-29T13:52:48.915600Z,2021-05-14,Expired,buy put
PLTR,STC,1.000000,20.000000,0.470000,2021-04-29T17:00:19.731551Z,2021-05-28,Expired,sell put
PLTR,STC,1.000000,19.500000,0.850000,2021-05-04T14:32:10.244038Z,2021-06-11,Expired,sell put
PLTR,STC,1.000000,35.000000,0.180000,2021-06-02T17:47:14.859359Z,2021-07-02,Expired,sell call
PLTR,STC,1.000000,21.500000,0.270000,2021-07-01T15:09:15.519451Z,2021-07-30,Expired,sell put
PLTR,STC,1.000000,9.500000,0.130000,2022-02-11T14:56:40.106746Z,2022-03-11,Expired,sell put
PLTR,STC,1.000000,10.500000,0.070000,2022-02-17T16:25:38.799085Z,2022-02-25,Expired,sell put
DWAC,BTC,2.000000,5.000000,0.250000,2021-12-14T18:52:20.441138Z,2022-06-17,Expired,buy put
DWAC,BTC,2.000000,5.000000,0.100000,2022-02-02T14:56:17.691097Z,2022-06-17,Expired,buy put
DWAC,STC,4.000000,5.000000,0.050000,2022-02-02T14:57:15.876775Z,2022-06-17,Expired,sell put
DM,STC,1.000000,25.000000,0.600000,2020-12-21T17:37:17.359803Z,2021-01-15,Expired,sell call
DM,STC,1.000000,40.000000,0.700000,2021-01-25T15:25:50.554568Z,2021-02-19,Expired,sell call
LMND,BTC,1.000000,167.500000,0.050000,2021-01-21T19:15:02.663561Z,2021-01-22,Expired,buy call
LMND,STC,1.000000,165.000000,0.050000,2021-01-21T19:15:02.663561Z,2021-01-22,Expired,sell call
TSLA,STC,2.000000,295.000000,0.580000,2022-10-04T15:02:47.549067Z,2022-10-14,Expired,sell call
TSLA,STC,1.000000,140.000000,0.910000,2022-10-12T13:45:39.868805Z,2022-11-04,Expired,sell put
TSLA,STC,1.000000,260.000000,0.400000,2022-10-17T14:34:32.385259Z,2022-10-21,Expired,sell call
TSLA,STC,1.000000,295.000000,0.840000,2022-10-17T14:37:36.192485Z,2022-11-11,Expired,sell call
TSLA,STC,1.000000,285.000000,1.140000,2022-10-25T15:37:03.556584Z,2022-11-25,Expired,sell call
TSLA,BTC,1.000000,140.000000,0.050000,2022-10-27T14:55:06.380033Z,2022-11-04,Expired,buy put
TSLA,STC,1.000000,170.000000,0.120000,2022-10-28T14:02:10.271334Z,2022-11-04,Expired,sell put
TSLA,BTC,1.000000,295.000000,0.150000,2022-11-01T14:01:04.009117Z,2022-11-11,Expired,buy call
TSLA,STC,1.000000,285.000000,0.970000,2022-11-01T14:02:12.166948Z,2022-11-25,Expired,sell call
TSLA,BTC,1.000000,170.000000,0.020000,2022-11-01T14:03:45.305943Z,2022-11-04,Expired,buy put
TSLA,STC,1.000000,160.000000,1.310000,2022-11-03T13:58:02.822336Z,2022-12-02,Expired,sell put
TSLA,BTC,2.000000,285.000000,0.140000,2022-11-07T16:05:57.474594Z,2022-11-25,Expired,buy call
TSLA,STC,1.000000,250.000000,1.100000,2022-11-07T17:07:20.746208Z,2022-12-02,Expired,sell call
TSLA,STC,1.000000,245.000000,0.730000,2022-11-09T15:32:23.012917Z,2022-12-02,Expired,sell call
TSLA,BTC,1.000000,250.000000,0.040000,2022-11-22T14:48:04.934251Z,2022-12-02,Expired,buy call
TSLA,BTC,1.000000,245.000000,0.050000,2022-11-22T14:48:23.805395Z,2022-12-02,Expired,buy call
TSLA,STC,1.000000,250.000000,0.640000,2022-11-23T15:35:58.106957Z,2022-12-30,Expired,sell call
TSLA,STC,1.000000,255.000000,0.590000,2022-11-28T14:52:11.087050Z,2022-12-30,Expired,sell call
TSLA,STC,1.000000,245.000000,0.830000,2022-11-29T15:38:47.486945Z,2022-12-30,Expired,sell call
TSLA,STC,1.000000,145.000000,1.170000,2022-12-05T14:58:25.377863Z,2022-12-30,Expired,sell put
TSLA,BTC,1.000000,245.000000,0.130000,2022-12-13T16:07:18.587299Z,2022-12-30,Expired,buy call
TSLA,BTC,1.000000,255.000000,0.090000,2022-12-13T16:07:34.731852Z,2022-12-30,Expired,buy call
TSLA,BTC,1.000000,250.000000,0.110000,2022-12-13T16:07:52.576456Z,2022-12-30,Expired,buy call
TSLA,STC,1.000000,205.000000,0.340000,2022-12-20T15:08:01.717874Z,2023-01-06,Expired,sell call
TSLA,STC,1.000000,205.000000,0.600000,2022-12-20T15:08:38.286733Z,2023-01-13,Expired,sell call
TSLA,STC,1.000000,55.000000,0.350000,2022-12-23T16:27:18.633362Z,2023-01-27,Expired,sell put
TSLA,STC,1.000000,55.000000,0.490000,2022-12-28T17:30:03.603209Z,2023-01-27,Expired,sell put
TSLA,BTC,2.000000,55.000000,0.060000,2023-01-10T15:38:30.494352Z,2023-01-27,Expired,buy put
TSLA,STC,1.000000,114.000000,0.040000,2023-01-13T15:49:23.608792Z,2023-01-13,Expired,sell put
TSLA,STC,1.000000,220.000000,0.260000,2023-01-17T15:43:22.863099Z,2023-02-17,Expired,sell call
TSLA,STC,1.000000,215.000000,0.370000,2023-01-17T15:43:51.135498Z,2023-02-24,Expired,sell call
TSLA,STC,1.000000,215.000000,0.360000,2023-01-17T15:44:12.837386Z,2023-02-24,Expired,sell call
TSLA,STC,1.000000,135.000000,0.060000,2023-01-20T16:35:21.917723Z,2023-01-20,Expired,sell call
TSLA,STC,1.000000,240.000000,0.450000,2023-01-26T15:31:21.547375Z,2023-03-03,Expired,sell call
TSLA,STC,2.000000,240.000000,0.500000,2023-02-09T15:31:00.589416Z,2023-03-24,Expired,sell call
TSLA,BTC,2.000000,215.000000,0.500000,2023-02-09T15:31:00.589416Z,2023-02-24,Expired,buy call
TSLA,STC,1.000000,255.000000,1.500000,2023-02-09T18:34:58.437704Z,2023-03-24,Expired,sell call
TSLA,BTC,1.000000,220.000000,1.500000,2023-02-09T18:34:58.437704Z,2023-02-17,Expired,buy call
TSLA,STC,1.000000,145.000000,2.090000,2023-02-22T15:43:40.986268Z,2023-03-24,Expired,sell put
TSLA,BTC,1.000000,145.000000,0.800000,2023-02-27T15:26:18.771074Z,2023-03-24,Expired,buy put
TSLA,BTC,1.000000,240.000000,0.410000,2023-02-28T15:37:54.507314Z,2023-03-03,Expired,buy call
TSLA,STC,1.000000,165.000000,5.000000,2023-03-02T15:31:16.881209Z,2023-04-06,Expired,sell put
TSLA,STC,1.000000,260.000000,1.430000,2023-03-03T15:35:59.201477Z,2023-04-06,Expired,sell call
TSLA,BTC,2.000000,240.000000,0.120000,2023-03-10T15:48:31.900961Z,2023-03-24,Expired,buy call
TSLA,BTC,1.000000,255.000000,0.070000,2023-03-10T15:49:02.588140Z,2023-03-24,Expired,buy call
TSLA,STC,1.000000,197.500000,0.010000,2023-03-10T15:51:12.638300Z,2023-03-10,Expired,sell call
TSLA,STC,1.000000,250.000000,1.360000,2023-03-21T15:11:44.329592Z,2023-04-21,Expired,sell call
TSLA,STC,1.000000,260.000000,3.350000,2023-03-21T19:13:57.995218Z,2023-05-19,Expired,sell call
TSLA,BTC,1.000000,165.000000,1.660000,2023-03-21T19:14:55.475819Z,2023-04-06,Expired,buy put
TSLA,BTC,1.000000,260.000000,0.310000,2023-03-21T19:15:44.452035Z,2023-04-06,Expired,buy call
TSLA,STC,1.000000,177.500000,0.030000,2023-03-24T15:07:20.503903Z,2023-03-24,Expired,sell put
TSLA,STC,1.000000,255.000000,1.750000,2023-03-30T15:20:14.359495Z,2023-05-05,Expired,sell call
TSLA,BTC,1.000000,250.000000,0.610000,2023-04-03T15:16:00.145457Z,2023-04-21,Expired,buy call
TSLA,BTC,1.000000,260.000000,1.800000,2023-04-03T15:17:46.452051Z,2023-05-19,Expired,buy call
TSLA,STC,1.000000,165.000000,4.700000,2023-04-03T15:21:43.531356Z,2023-05-12,Expired,sell put
TSLA,BTC,1.000000,255.000000,0.220000,2023-04-18T16:31:18.941138Z,2023-05-05,Expired,buy call
TSLA,STC,1.000000,230.000000,1.130000,2023-04-18T16:32:41.522400Z,2023-05-12,Expired,sell call
TSLA,BTC,1.000000,230.000000,0.120000,2023-04-21T15:05:01.488164Z,2023-05-12,Expired,buy call
TSLA,STC,1.000000,190.000000,1.550000,2023-04-24T15:07:19.668375Z,2023-05-26,Expired,sell call
TSLA,BTC,1.000000,190.000000,1.290000,2023-05-05T15:04:47.285648Z,2023-05-26,Expired,buy call
TSLA,STC,1.000000,195.000000,1.880000,2023-05-05T15:05:50.860664Z,2023-06-09,Expired,sell call
TSLA,BTC,1.000000,165.000000,1.630000,2023-05-09T13:53:45.799440Z,2023-05-12,Expired,buy put
TSLA,STC,1.000000,200.000000,1.220000,2023-05-10T14:43:01.768512Z,2023-06-09,Expired,sell call
TSLA,STC,1.000000,145.000000,2.110000,2023-05-15T14:56:33.802108Z,2023-06-09,Expired,sell put
TSLA,STC,1.000000,205.000000,1.130000,2023-05-17T17:21:39.099779Z,2023-06-16,Expired,sell call
TSLA,BTC,1.000000,145.000000,0.680000,2023-05-18T15:02:54.851666Z,2023-06-09,Expired,buy put
TSLA,BTC,1.000000,195.000000,3.800000,2023-05-22T15:47:30.301718Z,2023-06-09,Expired,buy call
TSLA,BTC,1.000000,205.000000,2.720000,2023-05-22T15:48:22.242725Z,2023-06-16,Expired,buy call
TSLA,BTC,1.000000,200.000000,2.590000,2023-05-22T15:48:50.186652Z,2023-06-09,Expired,buy call
TSLA,STC,1.000000,220.000000,1.960000,2023-05-22T15:50:48.893034Z,2023-06-30,Expired,sell call
TSLA,STC,1.000000,172.500000,0.560000,2023-05-22T15:53:43.282068Z,2023-05-26,Expired,sell put
TSLA,STC,1.000000,235.000000,1.120000,2023-05-22T19:00:54.201105Z,2023-06-30,Expired,sell call
TSLA,BTC,1.000000,172.500000,0.120000,2023-05-25T15:09:13.700394Z,2023-05-26,Expired,buy put
TSLA,STC,1.000000,230.000000,1.970000,2023-05-26T15:29:02.258687Z,2023-06-30,Expired,sell call
TSLA,STC,1.000000,265.000000,1.720000,2023-05-30T14:37:21.957022Z,2023-07-07,Assigned,sell call
TSLA,STC,1.000000,185.000000,0.720000,2023-05-30T14:38:30.134170Z,2023-06-02,Expired,sell put
TSLA,BTC,1.000000,185.000000,0.540000,2023-05-31T14:12:12.875137Z,2023-06-02,Expired,buy put
TSLA,STC,1.000000,190.000000,1.200000,2023-05-31T14:13:49.067700Z,2023-06-02,Expired,sell put
TSLA,STC,1.000000,190.000000,1.330000,2023-05-31T14:42:54.268947Z,2023-06-02,Expired,sell put
TSLA,BTC,2.000000,190.000000,0.200000,2023-06-01T14:47:00.963649Z,2023-06-02,Expired,buy put
TSLA,STC,1.000000,195.000000,0.670000,2023-06-01T14:53:27.449286Z,2023-06-02,Expired,sell put
TSLA,STC,1.000000,195.000000,0.440000,2023-06-01T15:26:09.551353Z,2023-06-02,Expired,sell put
TSLA,BTC,1.000000,195.000000,0.220000,2023-06-01T16:26:50.711333Z,2023-06-02,Expired,buy put
TSLA,BTC,1.000000,220.000000,7.350000,2023-06-01T16:27:20.833917Z,2023-06-30,Expired,buy call
TSLA,BTC,1.000000,195.000000,0.210000,2023-06-01T16:27:45.505488Z,2023-06-02,Expired,buy put
TSLA,STC,1.000000,202.500000,1.350000,2023-06-01T16:28:45.395725Z,2023-06-02,Expired,sell put
TSLA,STC,1.000000,230.000000,0.060000,2023-06-01T16:36:27.727146Z,2023-06-02,Expired,sell call
TSLA,BTC,1.000000,230.000000,6.850000,2023-06-02T14:43:43.776588Z,2023-06-30,Expired,buy call
TSLA,BTC,1.000000,235.000000,5.600000,2023-06-02T14:44:00.510130Z,2023-06-30,Expired,buy call
TSLA,STC,1.000000,280.000000,1.030000,2023-06-02T14:45:43.410169Z,2023-06-30,Expired,sell call
TSLA,STC,1.000000,270.000000,2.200000,2023-06-02T14:50:09.577586Z,2023-07-07,Assigned,sell call
TSLA,STC,1.000000,210.000000,1.800000,2023-06-05T15:08:56.046091Z,2023-06-09,Expired,sell put
TSLA,STC,1.000000,245.000000,0.480000,2023-06-05T15:11:20.657694Z,2023-06-09,Expired,sell call
TSLA,BTC,1.000000,210.000000,0.210000,2023-06-07T15:02:35.415984Z,2023-06-09,Expired,buy put
TSLA,STC,1.000000,220.000000,1.250000,2023-06-07T15:11:32.373434Z,2023-06-09,Expired,sell put
TSLA,BTC,1.000000,220.000000,0.220000,2023-06-08T15:53:43.802596Z,2023-06-09,Expired,buy put
TSLA,BTC,1.000000,245.000000,0.470000,2023-06-08T15:56:43.119386Z,2023-06-09,Expired,buy call
TSLA,STC,2.000000,220.000000,0.230000,2023-06-08T16:24:10.801915Z,2023-06-09,Expired,sell put
TSLA,STC,1.000000,245.000000,0.380000,2023-06-08T16:27:43.519248Z,2023-06-09,Expired,sell call
TSLA,BTC,2.000000,220.000000,0.010000,2023-06-09T14:56:28.646978Z,2023-06-09,Expired,buy put
TSLA,STC,1.000000,245.000000,1.150000,2023-06-09T14:57:11.072274Z,2023-06-09,Expired,sell put
TSLA,BTC,1.000000,245.000000,1.010000,2023-06-09T15:03:24.448794Z,2023-06-09,Expired,buy put
TSLA,STC,1.000000,247.500000,1.960000,2023-06-09T15:04:01.682621Z,2023-06-09,Assigned,sell put
TSLA,STC,1.000000,273.330000,1.240000,2023-06-12T14:54:56.803766Z,2023-06-16,Expired,sell call
TSLA,STC,1.000000,200.000000,0.210000,2023-06-13T15:06:31.572295Z,2023-06-23,Expired,sell put
TSLA,STC,1.000000,290.000000,0.410000,2023-06-14T15:30:49.440100Z,2023-06-16,Expired,sell call
TSLA,BTC,1.000000,290.000000,0.320000,2023-06-14T19:28:03.902791Z,2023-06-16,Expired,buy call
TSLA,STC,1.000000,275.000000,1.020000,2023-06-14T19:30:16.969716Z,2023-06-16,Expired,sell call
TSLA,BTC,1.000000,200.000000,0.180000,2023-06-15T14:57:52.516818Z,2023-06-23,Expired,buy put
TSLA,STC,1.000000,255.000000,0.340000,2023-06-16T15:12:32.801604Z,2023-06-16,Expired,sell put
TSLA,BTC,1.000000,275.000000,0.040000,2023-06-16T15:26:07.210391Z,2023-06-16,Expired,buy call
TSLA,BTC,1.000000,273.330000,0.050000,2023-06-16T15:26:30.191842Z,2023-06-16,Expired,buy call
TSLA,STC,2.000000,270.000000,0.100000,2023-06-16T15:31:55.887685Z,2023-06-16,Expired,sell call
TSLA,BTC,2.000000,270.000000,0.090000,2023-06-16T15:44:44.104998Z,2023-06-16,Expired,buy call
TSLA,STC,2.000000,266.670000,0.170000,2023-06-16T15:47:41.648736Z,2023-06-16,Expired,sell call
TSLA,STC,1.000000,287.500000,1.150000,2023-06-20T15:03:52.207364Z,2023-06-23,Expired,sell call
TSLA,STC,1.000000,255.000000,2.900000,2023-06-20T15:04:52.764857Z,2023-06-23,Expired,sell put
TSLA,BTC,1.000000,255.000000,2.350000,2023-06-20T15:52:01.804445Z,2023-06-23,Expired,buy put
TSLA,STC,1.000000,265.000000,6.200000,2023-06-20T15:52:33.247084Z,2023-06-23,Expired,sell put
TSLA,STC,1.000000,292.500000,1.070000,2023-06-20T16:29:05.171977Z,2023-06-23,Expired,sell call
TSLA,BTC,1.000000,265.000000,4.000000,2023-06-20T17:56:48.118045Z,2023-06-23,Expired,buy put
TSLA,STC,1.000000,267.500000,5.000000,2023-06-20T17:58:13.680903Z,2023-06-23,Assigned,sell put
TSLA,BTC,1.000000,292.500000,0.100000,2023-06-22T15:04:02.469350Z,2023-06-23,Expired,buy call
TSLA,BTC,1.000000,287.500000,0.170000,2023-06-22T15:04:40.951006Z,2023-06-23,Expired,buy call
TSLA,STC,1.000000,310.000000,0.690000,2023-06-22T15:27:10.850212Z,2023-06-30,Expired,sell call
TSLA,STC,1.000000,282.500000,0.200000,2023-06-22T18:48:25.632237Z,2023-06-23,Expired,sell call
TSLA,BTC,1.000000,282.500000,0.010000,2023-06-23T15:16:05.455236Z,2023-06-23,Expired,buy call
TSLA,STC,1.000000,267.500000,0.080000,2023-06-23T15:19:15.305233Z,2023-06-23,Assigned,sell call
TSLA,BTC,1.000000,310.000000,0.260000,2023-06-23T18:11:09.605574Z,2023-06-30,Expired,buy call
TSLA,STC,1.000000,290.000000,1.990000,2023-06-26T15:05:31.094640Z,2023-07-07,Expired,sell call
TSLA,STC,1.000000,275.000000,0.880000,2023-06-26T15:12:33.766489Z,2023-06-30,Expired,sell call
TSLA,BTC,1.000000,280.000000,0.320000,2023-06-26T17:10:15.817752Z,2023-06-30,Expired,buy call
TSLA,BTC,1.000000,275.000000,0.460000,2023-06-26T17:10:43.246264Z,2023-06-30,Expired,buy call
TSLA,STC,1.000000,270.000000,3.600000,2023-06-26T17:25:17.781404Z,2023-07-07,Assigned,sell call
TSLA,STC,1.000000,300.000000,2.510000,2023-06-27T15:12:29.899561Z,2023-07-21,Assigned,sell call
TSLA,STC,1.000000,315.000000,1.210000,2023-06-28T15:05:28.202317Z,2023-07-14,Expired,sell call
TSLA,BTC,1.000000,290.000000,1.940000,2023-06-28T15:33:59.299621Z,2023-07-07,Expired,buy call
TSLA,STC,1.000000,300.000000,2.300000,2023-06-28T15:35:32.508611Z,2023-07-14,Expired,sell call
TSLA,BTC,1.000000,315.000000,1.010000,2023-06-29T14:50:18.958710Z,2023-07-14,Expired,buy call
TSLA,BTC,1.000000,300.000000,1.840000,2023-06-29T14:50:43.659159Z,2023-07-14,Expired,buy call
TSLA,STC,1.000000,315.000000,1.050000,2023-06-29T14:55:48.283910Z,2023-07-14,Expired,sell call
TSLA,STC,1.000000,330.000000,3.350000,2023-06-30T16:26:44.683302Z,2023-08-04,Expired,sell call
TSLA,BTC,1.000000,315.000000,0.640000,2023-07-06T14:52:25.284238Z,2023-07-14,Expired,buy call
TSLA,STC,1.000000,267.500000,11.150000,2023-07-10T15:03:23.250520Z,2023-07-21,Expired,sell put
TSLA,STC,1.000000,250.000000,5.300000,2023-07-10T15:53:47.992422Z,2023-07-21,Expired,sell put
TSLA,STC,1.000000,252.500000,3.700000,2023-07-13T15:45:34.614312Z,2023-07-21,Expired,sell put
TSLA,STC,1.000000,350.000000,1.190000,2023-07-14T14:22:21.796378Z,2023-07-28,Expired,sell call
TSLA,BTC,1.000000,250.000000,1.180000,2023-07-14T16:28:36.055322Z,2023-07-21,Expired,buy put
TSLA,BTC,1.000000,267.500000,4.400000,2023-07-14T16:29:00.292514Z,2023-07-21,Expired,buy put
TSLA,STC,1.000000,287.500000,11.350000,2023-07-17T15:54:47.024496Z,2023-07-21,Assigned,sell put
TSLA,STC,1.000000,272.500000,4.500000,2023-07-17T15:56:10.876010Z,2023-07-21,Expired,sell put
TSLA,BTC,1.000000,252.500000,0.910000,2023-07-17T15:56:27.421961Z,2023-07-21,Expired,buy put
TSLA,STC,1.000000,297.500000,13.550000,2023-07-18T19:15:32.669129Z,2023-07-21,Assigned,sell put
TSLA,BTC,1.000000,272.500000,1.880000,2023-07-19T15:19:14.452575Z,2023-07-21,Expired,buy put
TSLA,STC,1.000000,300.000000,11.750000,2023-07-19T15:22:31.276000Z,2023-07-21,Assigned,sell put
TSLA,BTC,1.000000,300.000000,0.140000,2023-07-20T14:40:57.272601Z,2023-07-21,Assigned,buy call
TSLA,STC,1.000000,292.500000,2.120000,2023-07-20T14:42:34.920754Z,2023-07-28,Expired,sell call
TSLA,BTC,1.000000,350.000000,0.120000,2023-07-20T14:42:55.288416Z,2023-07-28,Expired,buy call
TSLA,STC,1.000000,297.500000,3.100000,2023-07-20T14:43:25.205555Z,2023-08-04,Expired,sell call
TSLA,BTC,1.000000,330.000000,0.800000,2023-07-20T14:44:00.711561Z,2023-08-04,Expired,buy call
TSLA,STC,1.000000,290.000000,2.510000,2023-07-20T14:44:48.945296Z,2023-07-28,Expired,sell call
TSLA,BTC,1.000000,292.500000,0.990000,2023-07-21T18:01:18.278548Z,2023-07-28,Expired,buy call
TSLA,BTC,1.000000,297.500000,1.870000,2023-07-21T18:01:34.678698Z,2023-08-04,Expired,buy call
TSLA,BTC,1.000000,290.000000,1.140000,2023-07-21T18:01:49.818165Z,2023-07-28,Expired,buy call
TSLA,STC,1.000000,320.000000,1.910000,2023-07-21T18:03:17.261528Z,2023-08-18,Expired,sell call
TSLA,STC,1.000000,285.000000,1.460000,2023-07-21T18:05:19.080064Z,2023-07-28,Expired,sell call
TSLA,STC,1.000000,300.000000,3.550000,2023-07-21T18:06:09.880480Z,2023-08-18,Expired,sell call
TSLA,STC,1.000000,300.000000,1.220000,2023-07-24T15:17:30.971209Z,2023-08-04,Expired,sell call
TSLA,STC,1.000000,300.000000,1.210000,2023-07-24T16:33:38.635562Z,2023-08-04,Expired,sell call
TSLA,BTC,1.000000,285.000000,1.180000,2023-07-24T19:42:27.435754Z,2023-07-28,Expired,buy call
TSLA,BTC,1.000000,320.000000,1.670000,2023-07-24T19:43:00.126754Z,2023-08-18,Expired,buy call
TSLA,STC,1.000000,235.000000,0.660000,2023-07-25T15:03:07.335219Z,2023-08-04,Expired,sell put
TSLA,STC,1.000000,297.500000,0.210000,2023-07-25T15:57:38.568564Z,2023-07-28,Expired,sell call
TSLA,BTC,1.000000,235.000000,0.370000,2023-07-27T14:44:56.342685Z,2023-08-04,Expired,buy put
TSLA,BTC,1.000000,297.500000,0.030000,2023-07-27T17:04:19.310385Z,2023-07-28,Expired,buy call
TSLA,STC,1.000000,252.500000,0.170000,2023-07-27T17:06:20.619252Z,2023-07-28,Expired,sell put
TSLA,BTC,2.000000,300.000000,0.240000,2023-07-28T15:50:45.025604Z,2023-08-04,Expired,buy call
TSLA,STC,1.000000,287.500000,0.710000,2023-07-28T15:51:57.785642Z,2023-08-04,Expired,sell call
TSLA,STC,1.000000,287.500000,0.820000,2023-07-28T15:54:52.043966Z,2023-08-04,Expired,sell call
TSLA,STC,1.000000,255.000000,0.950000,2023-07-31T16:17:26.102443Z,2023-08-04,Expired,sell put
TSLA,STC,2.000000,270.000000,0.320000,2023-08-02T16:10:26.520200Z,2023-08-04,Expired,sell call
TSLA,BTC,2.000000,287.500000,0.070000,2023-08-02T16:11:03.322276Z,2023-08-04,Expired,buy call
TSLA,STC,2.000000,265.000000,0.600000,2023-08-02T16:11:34.052725Z,2023-08-04,Expired,sell call
TSLA,STC,1.000000,270.000000,0.360000,2023-08-02T18:10:24.318287Z,2023-08-04,Expired,sell call
TSLA,BTC,3.000000,270.000000,0.040000,2023-08-04T15:02:14.019958Z,2023-08-04,Expired,buy call
TSLA,STC,3.000000,265.000000,0.130000,2023-08-04T15:04:21.942164Z,2023-08-04,Expired,sell call
TSLA,BTC,1.000000,255.000000,0.750000,2023-08-04T18:54:14.584388Z,2023-08-04,Expired,buy put
TSLA,BTC,1.000000,237.500000,2.200000,2023-08-07T14:57:35.105714Z,2023-08-11,Expired,buy put
TSLA,STC,1.000000,237.500000,2.850000,2023-08-07T15:31:01.047572Z,2023-08-11,Expired,sell put
TSLA,STC,1.000000,277.500000,0.150000,2023-08-08T14:52:45.473367Z,2023-08-11,Expired,sell call
TSLA,STC,1.000000,267.500000,0.400000,2023-08-08T15:25:14.457291Z,2023-08-11,Expired,sell call
TSLA,STC,1.000000,232.500000,0.630000,2023-08-08T15:26:12.605132Z,2023-08-11,Expired,sell put
TSLA,STC,1.000000,265.000000,0.500000,2023-08-08T15:42:00.106031Z,2023-08-11,Expired,sell call
TSLA,BTC,1.000000,277.500000,0.030000,2023-08-10T14:56:47.771702Z,2023-08-11,Expired,buy call
TSLA,BTC,1.000000,300.000000,0.110000,2023-08-10T14:57:16.136170Z,2023-08-18,Expired,buy call
TSLA,BTC,1.000000,267.500000,0.090000,2023-08-10T14:57:28.571758Z,2023-08-11,Expired,buy call
TSLA,STC,1.000000,280.000000,0.340000,2023-08-10T15:03:29.134331Z,2023-08-18,Expired,sell call
TSLA,BTC,1.000000,232.500000,0.160000,2023-08-10T16:34:37.244103Z,2023-08-11,Expired,buy put
TSLA,STC,1.000000,225.000000,2.300000,2023-08-10T16:35:51.182955Z,2023-08-25,Expired,sell put
TSLA,STC,1.000000,257.500000,1.200000,2023-08-11T14:57:26.725639Z,2023-08-18,Expired,sell call
TSLA,STC,1.000000,265.000000,0.960000,2023-08-14T14:58:27.229713Z,2023-08-25,Expired,sell call
TSLA,STC,1.000000,280.000000,0.580000,2023-08-15T15:14:03.670787Z,2023-09-01,Expired,sell call
TSLA,STC,1.000000,265.000000,0.620000,2023-08-15T15:14:54.920271Z,2023-08-25,Expired,sell call
TSLA,STC,1.000000,280.000000,0.320000,2023-08-29T13:56:19.298844Z,2023-09-08,Expired,sell call
TSLA,BTC,1.000000,280.000000,0.050000,2023-08-29T14:10:58.095853Z,2023-09-01,Expired,buy call
TSLA,STC,1.000000,277.500000,0.540000,2023-08-29T14:12:04.336097Z,2023-09-08,Expired,sell call
TSLA,STC,1.000000,290.000000,0.380000,2023-08-29T15:02:04.051680Z,2023-09-08,Expired,sell call
TSLA,STC,1.000000,280.000000,1.300000,2023-08-30T15:11:15.776255Z,2023-09-08,Expired,sell call
TSLA,STC,1.000000,300.000000,1.700000,2023-08-30T15:13:06.279859Z,2023-09-22,Expired,sell call
TSLA,STC,1.000000,290.000000,0.700000,2023-09-05T14:48:10.974633Z,2023-09-15,Expired,sell call
TSLA,BTC,1.000000,290.000000,0.080000,2023-09-05T14:48:31.047094Z,2023-09-08,Expired,buy call
TSLA,BTC,1.000000,300.000000,0.880000,2023-09-05T14:55:38.422775Z,2023-09-22,Expired,buy call
TSLA,STC,1.000000,280.000000,1.130000,2023-09-05T15:56:27.940505Z,2023-09-15,Expired,sell call
TSLA,BTC,2.000000,280.000000,0.180000,2023-09-05T15:56:47.375623Z,2023-09-08,Expired,buy call
TSLA,STC,1.000000,295.000000,1.040000,2023-09-05T15:57:18.054063Z,2023-09-22,Expired,sell call
TSLA,STC,1.000000,285.000000,0.990000,2023-09-05T15:58:16.288843Z,2023-09-15,Expired,sell call
TSLA,BTC,1.000000,277.500000,0.030000,2023-09-07T17:27:29.325538Z,2023-09-08,Expired,buy call
TSLA,BTC,1.000000,290.000000,0.680000,2023-09-11T15:15:05.283918Z,2023-09-15,Expired,buy call
TSLA,STC,1.000000,300.000000,1.400000,2023-09-11T15:15:41.574483Z,2023-09-22,Expired,sell call
TSLA,STC,1.000000,260.000000,2.070000,2023-09-11T15:50:54.337004Z,2023-09-15,Expired,sell put
TSLA,BTC,1.000000,260.000000,1.450000,2023-09-12T14:57:48.647785Z,2023-09-15,Expired,buy put
TSLA,STC,1.000000,257.500000,0.850000,2023-09-12T15:04:53.924951Z,2023-09-15,Expired,sell put
TSLA,STC,1.000000,300.000000,1.300000,2023-09-13T14:48:06.243930Z,2023-09-22,Expired,sell call
TSLA,STC,1.000000,290.000000,0.400000,2023-09-18T14:48:22.259023Z,2023-09-22,Expired,sell call
TSLA,BTC,2.000000,300.000000,0.160000,2023-09-18T15:45:45.190033Z,2023-09-22,Expired,buy call
TSLA,STC,1.000000,290.000000,1.050000,2023-09-19T14:40:57.667817Z,2023-09-29,Expired,sell call
TSLA,STC,1.000000,240.000000,1.300000,2023-09-19T14:43:14.968491Z,2023-09-29,Expired,sell put
TSLA,STC,1.000000,300.000000,0.500000,2023-09-20T15:04:31.228293Z,2023-09-29,Expired,sell call
TSLA,STC,1.000000,287.500000,1.000000,2023-09-20T15:27:03.700779Z,2023-09-29,Expired,sell call
TSLA,BTC,1.000000,295.000000,0.070000,2023-09-20T19:17:11.213246Z,2023-09-22,Expired,buy call
TSLA,STC,1.000000,292.500000,1.140000,2023-09-22T15:20:23.877869Z,2023-10-06,Expired,sell call
TSLA,BTC,1.000000,300.000000,0.080000,2023-09-22T15:20:47.214095Z,2023-09-29,Expired,buy call
TSLA,BTC,1.000000,290.000000,0.170000,2023-09-22T15:21:00.736545Z,2023-09-29,Expired,buy call
TSLA,STC,1.000000,275.000000,0.190000,2023-09-25T14:08:09.127578Z,2023-09-29,Expired,sell call
TSLA,STC,1.000000,280.000000,0.810000,2023-09-27T13:46:44.648710Z,2023-10-06,Expired,sell call
TSLA,BTC,1.000000,275.000000,0.090000,2023-09-27T13:49:03.112448Z,2023-09-29,Expired,buy call
TSLA,BTC,1.000000,287.500000,0.030000,2023-09-27T13:49:14.672192Z,2023-09-29,Expired,buy call
TSLA,STC,1.000000,280.000000,1.600000,2023-09-27T13:50:20.334387Z,2023-10-13,Expired,sell call
TSLA,STC,2.000000,260.000000,0.100000,2023-09-28T19:14:34.132728Z,2023-09-29,Expired,sell call
TSLA,BTC,1.000000,292.500000,0.200000,2023-09-28T19:15:28.095969Z,2023-10-06,Expired,buy call
TSLA,BTC,2.000000,260.000000,0.220000,2023-09-29T14:12:38.404726Z,2023-09-29,Expired,buy call
TSLA,STC,1.000000,232.500000,1.150000,2023-10-02T14:12:48.423474Z,2023-10-06,Expired,sell put
TSLA,STC,1.000000,282.500000,0.720000,2023-10-02T19:04:05.337862Z,2023-10-13,Expired,sell call
TSLA,STC,1.000000,227.500000,2.500000,2023-10-03T13:41:19.497002Z,2023-10-13,Expired,sell put
TSLA,STC,1.000000,280.000000,0.780000,2023-10-03T14:26:29.796161Z,2023-10-13,Expired,sell call
TSLA,BTC,1.000000,280.000000,0.050000,2023-10-03T14:51:57.686674Z,2023-10-06,Expired,buy call
TSLA,BTC,1.000000,232.500000,0.100000,2023-10-04T15:06:28.087279Z,2023-10-06,Expired,buy put
TSLA,STC,1.000000,295.000000,1.970000,2023-10-04T15:27:25.151626Z,2023-10-20,Expired,sell call
TSLA,BTC,1.000000,227.500000,0.230000,2023-10-06T18:11:49.334945Z,2023-10-13,Expired,buy put
TSLA,BTC,1.000000,282.500000,0.580000,2023-10-06T18:12:08.698344Z,2023-10-13,Expired,buy call
TSLA,STC,1.000000,230.000000,2.720000,2023-10-09T15:45:50.825282Z,2023-10-20,Assigned,sell put
TSLA,BTC,2.000000,280.000000,0.350000,2023-10-11T14:39:49.849695Z,2023-10-13,Expired,buy call
TSLA,STC,1.000000,297.500000,1.380000,2023-10-11T14:41:10.898907Z,2023-10-20,Expired,sell call
TSLA,STC,1.000000,300.000000,1.150000,2023-10-11T14:41:52.137807Z,2023-10-20,Expired,sell call
TSLA,STC,1.000000,292.500000,0.830000,2023-10-16T14:36:47.177731Z,2023-10-27,Expired,sell call
TSLA,BTC,1.000000,300.000000,0.140000,2023-10-16T14:49:48.734284Z,2023-10-20,Expired,buy call
TSLA,STC,1.000000,300.000000,1.070000,2023-10-16T14:50:13.257248Z,2023-11-03,Expired,sell call
TSLA,STC,1.000000,290.000000,0.960000,2023-10-17T15:01:35.775205Z,2023-10-27,Expired,sell call
TSLA,BTC,1.000000,297.500000,0.160000,2023-10-17T15:41:58.578401Z,2023-10-20,Expired,buy call
TSLA,STC,1.000000,287.500000,1.300000,2023-10-17T15:42:50.366307Z,2023-10-27,Expired,sell call
TSLA,STC,1.000000,220.000000,0.650000,2023-10-18T14:48:02.633313Z,2023-10-20,Assigned,sell put
TSLA,BTC,1.000000,290.000000,0.030000,2023-10-19T15:20:17.761284Z,2023-10-27,Expired,buy call
TSLA,STC,1.000000,270.000000,0.100000,2023-10-24T14:54:37.109382Z,2023-11-03,Expired,sell call
TSLA,STC,1.000000,267.500000,0.120000,2023-10-24T15:48:05.184799Z,2023-11-03,Expired,sell call
TSLA,STC,1.000000,270.000000,0.160000,2023-10-26T14:50:41.449042Z,2023-11-10,Expired,sell call
TSLA,STC,1.000000,250.000000,0.340000,2023-10-27T15:40:01.357622Z,2023-11-10,Expired,sell call
TSLA,STC,1.000000,270.000000,0.250000,2023-10-27T15:41:41.418682Z,2023-11-17,Expired,sell call
TSLA,BTC,1.000000,270.000000,0.030000,2023-10-27T15:41:56.382922Z,2023-11-03,Expired,buy call
TSLA,BTC,1.000000,300.000000,0.010000,2023-10-27T15:42:11.738788Z,2023-11-03,Expired,buy call
TSLA,BTC,1.000000,270.000000,0.090000,2023-10-27T15:42:55.792885Z,2023-11-10,Expired,buy call
TSLA,STC,1.000000,265.000000,0.150000,2023-11-01T20:21:43.204907Z,2023-11-17,Expired,sell call
TSLA,BTC,1.000000,270.000000,0.190000,2023-11-02T14:41:29.010358Z,2023-11-17,Expired,buy call
TSLA,BTC,1.000000,250.000000,0.210000,2023-11-02T14:41:44.985657Z,2023-11-10,Expired,buy call
TSLA,STC,1.000000,260.000000,0.330000,2023-11-02T14:44:14.320970Z,2023-11-17,Expired,sell call
TSLA,STC,1.000000,260.000000,0.090000,2023-11-02T15:41:14.128120Z,2023-11-10,Expired,sell call
TSLA,STC,1.000000,265.000000,0.070000,2023-11-02T15:41:43.157302Z,2023-11-10,Expired,sell call
TSLA,STC,1.000000,265.000000,0.240000,2023-11-02T15:42:52.612708Z,2023-11-17,Expired,sell call
TSLA,STC,1.000000,270.000000,0.400000,2023-11-14T15:41:41.605364Z,2023-11-24,Expired,sell call
TSLA,STO,1.000000,275.000000,0.800000,2023-11-14T16:36:30.309602Z,2023-12-01,Open,sell call
TSLA,STO,1.000000,270.000000,1.070000,2023-11-14T16:36:54.335750Z,2023-12-01,Open,sell call
TSLA,STC,1.000000,265.000000,0.550000,2023-11-14T16:40:47.691962Z,2023-11-24,Expired,sell call
TSLA,BTC,1.000000,270.000000,0.270000,2023-11-17T16:26:08.426239Z,2023-11-24,Expired,buy call
TSLA,BTC,1.000000,265.000000,0.400000,2023-11-17T16:26:54.505903Z,2023-11-24,Expired,buy call
TSLA,BTO,1.000000,280.000000,0.700000,2023-11-17T16:27:34.081091Z,2023-12-01,Open,buy call
TSLA,STO,1.000000,280.000000,0.600000,2023-11-17T16:27:55.241277Z,2023-12-01,Open,sell call
TSLA,STO,1.000000,285.000000,0.300000,2023-11-20T16:13:17.304253Z,2023-12-01,Open,sell call
TSLA,BTO,1.000000,275.000000,0.250000,2023-11-22T16:23:11.022106Z,2023-12-01,Open,buy call
TSLA,BTO,1.000000,270.000000,0.210000,2023-11-24T17:44:07.714783Z,2023-12-01,Open,buy call
TSLA,STO,1.000000,265.000000,3.550000,2023-11-24T17:45:23.655387Z,2023-12-29,Open,sell call
TSLA,STO,2.000000,262.500000,0.380000,2023-11-24T17:53:15.615936Z,2023-12-01,Open,sell call
UBER,STC,1.000000,46.500000,0.150000,2023-08-03T15:09:02.822978Z,2023-08-04,Assigned,sell put
UBER,STC,1.000000,47.000000,1.110000,2023-08-07T14:50:13.944910Z,2023-09-08,Expired,sell call
UBER,BTC,1.000000,47.000000,0.700000,2023-08-14T15:40:37.309550Z,2023-09-08,Expired,buy call
UBER,STC,1.000000,47.000000,0.720000,2023-08-14T15:41:25.499606Z,2023-09-08,Expired,sell call
UBER,BTC,1.000000,47.000000,0.550000,2023-08-18T15:26:52.531085Z,2023-09-08,Expired,buy call
UBER,STC,1.000000,45.000000,0.440000,2023-08-18T15:35:46.007710Z,2023-08-25,Expired,sell call
UBER,BTC,1.000000,45.000000,0.860000,2023-08-23T16:00:51.138565Z,2023-08-25,Expired,buy call
UBER,STC,1.000000,47.000000,0.360000,2023-08-24T14:23:50.846365Z,2023-09-01,Expired,sell call
UBER,BTC,1.000000,47.000000,0.050000,2023-08-28T14:15:02.733683Z,2023-09-01,Expired,buy call
UBER,STC,1.000000,46.500000,0.270000,2023-08-29T13:55:39.080473Z,2023-09-08,Assigned,sell call
UBER,STC,1.000000,45.500000,0.190000,2023-08-30T15:45:06.001507Z,2023-09-01,Expired,sell put
UBER,BTC,1.000000,45.500000,0.030000,2023-08-31T14:43:28.012924Z,2023-09-01,Expired,buy put
UBER,STC,1.000000,44.000000,0.290000,2023-10-04T18:07:27.622673Z,2023-10-06,Expired,sell put
UBER,STC,1.000000,40.500000,0.230000,2023-10-18T15:33:59.840081Z,2023-10-27,Expired,sell put
UBER,BTC,1.000000,40.500000,0.400000,2023-10-26T14:44:53.821287Z,2023-10-27,Expired,buy put
TQQQ,STC,1.000000,110.000000,0.280000,2021-08-11T16:53:39.032559Z,2021-08-20,Expired,sell put
TQQQ,BTC,1.000000,110.000000,0.130000,2021-08-16T14:17:19.163841Z,2021-08-20,Expired,buy put
HOOD,STC,1.000000,32.000000,0.360000,2021-10-18T14:35:35.321221Z,2021-11-05,Expired,sell put
HOOD,STC,1.000000,30.000000,1.440000,2021-11-18T15:02:30.995377Z,2021-12-17,Assigned,sell put
HOOD,STC,1.000000,25.000000,1.160000,2021-11-22T17:47:23.886061Z,2021-12-23,Assigned,sell put
HOOD,STC,1.000000,30.000000,0.100000,2022-01-07T17:33:18.893428Z,2022-02-11,Expired,sell call
HOOD,STC,1.000000,30.000000,0.030000,2022-01-12T14:58:13.559169Z,2022-01-28,Expired,sell call
HOOD,STC,1.000000,25.000000,0.160000,2022-01-18T16:14:16.846589Z,2022-02-25,Expired,sell call
HOOD,BTC,1.000000,30.000000,0.030000,2022-01-28T18:29:48.946548Z,2022-02-11,Expired,buy call
HOOD,STC,1.000000,25.000000,0.090000,2022-01-28T18:30:46.640635Z,2022-03-04,Expired,sell call
HOOD,STC,1.000000,30.000000,0.050000,2022-02-01T15:45:36.539841Z,2022-03-04,Expired,sell call
HOOD,STC,1.000000,25.000000,0.040000,2022-03-09T15:53:38.127561Z,2022-04-14,Expired,sell call
HOOD,STC,1.000000,27.000000,0.020000,2022-03-16T13:55:43.442538Z,2022-04-14,Expired,sell call
HOOD,STC,1.000000,27.000000,0.070000,2022-03-22T13:56:51.269568Z,2022-05-20,Expired,sell call
HOOD,STC,1.000000,15.000000,0.240000,2022-11-07T14:57:11.751227Z,2022-12-09,Expired,sell call
HOOD,STC,1.000000,10.000000,0.260000,2023-05-08T15:12:25.835029Z,2023-06-16,Expired,sell call
HOOD,BTC,1.000000,10.000000,0.140000,2023-06-16T14:59:05.363037Z,2023-06-16,Expired,buy call
HOOD,STC,1.000000,12.000000,0.100000,2023-06-28T15:37:24.964759Z,2023-07-28,Expired,sell call
HOOD,STC,1.000000,15.000000,0.080000,2023-07-07T14:58:45.851389Z,2023-08-04,Expired,sell call
HOOD,BTC,1.000000,12.000000,0.570000,2023-07-11T19:49:37.579139Z,2023-07-28,Expired,buy call
HOOD,BTC,1.000000,15.000000,0.390000,2023-07-17T15:02:35.328346Z,2023-08-04,Expired,buy call
HOOD,STC,3.000000,18.500000,0.080000,2023-07-28T16:35:12.904366Z,2023-08-18,Expired,sell call
HOOD,STC,3.000000,11.000000,0.080000,2023-10-31T14:54:14.622335Z,2023-11-17,Expired,sell call
HOOD,STO,1.000000,11.000000,0.060000,2023-11-20T18:35:56.964429Z,2024-01-19,Open,sell call
CLOV,STC,1.000000,20.000000,0.550000,2021-01-25T15:32:33.956423Z,2021-02-19,Expired,sell call
CLOV,STC,1.000000,13.000000,0.650000,2021-04-21T18:02:43.424517Z,2021-06-18,Expired,sell call
CLOV,STC,1.000000,14.500000,2.150000,2021-06-25T13:41:49.301599Z,2021-07-30,Expired,sell call
CLOV,STC,1.000000,12.000000,0.230000,2021-08-09T14:01:11.057392Z,2021-09-03,Expired,sell call
CLOV,STC,1.000000,14.000000,0.190000,2021-09-07T14:15:21.004111Z,2021-09-10,Expired,sell call
IPOF,STC,1.000000,15.000000,0.130000,2021-09-03T17:16:32.392713Z,2021-10-15,Expired,sell call
BFLY,STC,1.000000,30.000000,0.500000,2021-02-23T17:00:27.169068Z,2021-03-19,Expired,sell call
BFLY,BTC,1.000000,30.000000,0.050000,2021-03-05T15:11:38.901719Z,2021-03-19,Expired,buy call
LGVW,STC,1.000000,35.000000,0.100000,2021-01-08T14:37:35.922085Z,2021-01-15,Expired,sell call
LGVW,STC,1.000000,35.000000,0.400000,2021-01-28T14:46:09.123381Z,2021-02-19,Expired,sell call
